ProductKey,ProductSubcategoryKey,ProductName,Size,Detail,SubcategoryName,CategoryName
211,16,100% Vegan Protein,5lbs,Coconut,Vegan Protein,Protein
240,16,100% Vegan Protein,5lbs,Banana,Vegan Protein,Protein
243,16,100% Vegan Protein,5lbs,Caramel Ice Cream,Vegan Protein,Protein
246,16,100% Vegan Protein,5lbs,Strawberry,Vegan Protein,Protein
259,16,100% Vegan Protein,5lbs,Chocolate,Vegan Protein,Protein
260,16,100% Vegan Protein,5lbs,Peanut Butter,Vegan Protein,Protein
295,16,100% Vegan Protein,5lbs,Capuccino,Vegan Protein,Protein
290,12,STEAK in Powder,5lbs,Peanut Butter,Beef Protein,Protein
292,12,STEAK in Powder,5lbs,Chocolate,Beef Protein,Protein
298,12,STEAK in Powder,5lbs,Vanilla,Beef Protein,Protein
299,12,STEAK in Powder,5lbs,Caramel Ice Cream,Beef Protein,Protein
300,12,STEAK in Powder,5lbs,Cookies,Beef Protein,Protein
306,12,STEAK in Powder,5lbs,Banana,Beef Protein,Protein
309,12,STEAK in Powder,5lbs,Coconut,Beef Protein,Protein
310,17,Hydrolyzed Whey Protein,5lbs,Chocolate,Whey Protein,Protein
311,17,Hydrolyzed Whey Protein,5lbs,Peanut Butter,Whey Protein,Protein
312,17,Hydrolyzed Whey Protein,5lbs,Coconut,Whey Protein,Protein
313,17,Hydrolyzed Whey Protein,5lbs,Cookies,Whey Protein,Protein
314,17,Hydrolyzed Whey Protein,5lbs,Vanilla,Whey Protein,Protein
344,17,Hydrolyzed Whey Protein,5lbs,Capuccino,Whey Protein,Protein
345,17,Hydrolyzed Whey Protein,5lbs,Strawberry,Whey Protein,Protein
346,17,Isolate Whey Protein,5lbs,Chocolate,Whey Protein,Protein
347,17,Hydrolyzed Whey Protein,5lbs,Banana,Whey Protein,Protein
348,17,Isolate Whey Protein,5lbs,Peanut Butter,Whey Protein,Protein
349,17,Isolate Whey Protein,5lbs,Coconut,Whey Protein,Protein
350,17,Hydrolyzed Whey Protein,5lbs,Caramel Ice Cream,Whey Protein,Protein
351,17,Isolate Whey Protein,5lbs,Cookies,Whey Protein,Protein
352,15,100% Egg Protein,5lbs,Banana,Egg Protein,Protein
353,17,Concentrate Whey Protein,5lbs,Chocolate,Whey Protein,Protein
354,15,100% Egg Protein,5lbs,Caramel Ice Cream,Egg Protein,Protein
355,14,Pure Casein Protein,5lbs,Capuccino,Casein Protein,Protein
356,15,100% Egg Protein,5lbs,Vanilla,Egg Protein,Protein
357,14,Pure Casein Protein,5lbs,Strawberry,Casein Protein,Protein
358,15,100% Egg Protein,5lbs,Strawberry,Egg Protein,Protein
359,17,Concentrate Whey Protein,5lbs,Cookies,Whey Protein,Protein
360,13,Blended Protein,5lbs,Chocolate,Blended Protein,Protein
361,17,Concentrate Whey Protein,5lbs,Coconut,Whey Protein,Protein
362,15,100% Egg Protein,5lbs,Capuccino,Egg Protein,Protein
363,17,Concentrate Whey Protein,5lbs,Peanut Butter,Whey Protein,Protein
368,14,Pure Casein Protein,5lbs,Coconut,Casein Protein,Protein
369,14,Pure Casein Protein,5lbs,Chocolate,Casein Protein,Protein
370,17,Isolate Whey Protein,5lbs,Capuccino,Whey Protein,Protein
371,17,Concentrate Whey Protein,5lbs,Strawberry,Whey Protein,Protein
372,17,Isolate Whey Protein,5lbs,Strawberry,Whey Protein,Protein
373,15,100% Egg Protein,5lbs,Chocolate,Egg Protein,Protein
374,17,Isolate Whey Protein,5lbs,Caramel Ice Cream,Whey Protein,Protein
375,17,Concentrate Whey Protein,5lbs,Capuccino,Whey Protein,Protein
376,14,Pure Casein Protein,5lbs,Peanut Butter,Casein Protein,Protein
377,17,Concentrate Whey Protein,5lbs,Banana,Whey Protein,Protein
378,17,Isolate Whey Protein,5lbs,Banana,Whey Protein,Protein
379,17,Concentrate Whey Protein,5lbs,Caramel Ice Cream,Whey Protein,Protein
380,17,Isolate Whey Protein,5lbs,Vanilla,Whey Protein,Protein
439,12,STEAK in Powder,5lbs,Strawberry,Beef Protein,Protein
440,16,100% Vegan Protein,5lbs,Cookies,Vegan Protein,Protein
441,12,STEAK in Powder,5lbs,Capuccino,Beef Protein,Protein
442,16,100% Vegan Protein,5lbs,Vanilla,Vegan Protein,Protein
561,15,100% Egg Protein,5lbs,Peanut Butter,Egg Protein,Protein
562,15,100% Egg Protein,5lbs,Coconut,Egg Protein,Protein
563,15,100% Egg Protein,5lbs,Cookies,Egg Protein,Protein
564,17,Concentrate Whey Protein,5lbs,Vanilla,Whey Protein,Protein
573,14,Pure Casein Protein,5lbs,Banana,Casein Protein,Protein
574,14,Pure Casein Protein,5lbs,Vanilla,Casein Protein,Protein
575,14,Pure Casein Protein,5lbs,Cookies,Casein Protein,Protein
576,14,Pure Casein Protein,5lbs,Caramel Ice Cream,Casein Protein,Protein
580,13,Blended Protein,5lbs,Cookies,Blended Protein,Protein
581,13,Blended Protein,5lbs,Coconut,Blended Protein,Protein
582,13,Blended Protein,5lbs,Peanut Butter,Blended Protein,Protein
583,13,Blended Protein,5lbs,Vanilla,Blended Protein,Protein
275,3,PRO Weight Gainer,5lbs,Strawberry,Gainer,Carbs
276,3,PRO Weight Gainer,5lbs,Banana,Gainer,Carbs
256,4,TrueFit Grass-Fed Protein,5lbs,Natural,Meal Replacement,Carbs
279,4,MRE Meal Replacement Powder,5lbs,Natural,Meal Replacement,Carbs
417,3,Serious MASS Gainer,5lbs,Cookies,Gainer,Carbs
418,3,PRO Weight Gainer,5lbs,Capuccino,Gainer,Carbs
429,3,Serious MASS Gainer,5lbs,Coconut,Gainer,Carbs
430,3,PRO Weight Gainer,5lbs,Caramel Ice Cream,Gainer,Carbs
433,3,Serious MASS Gainer,5lbs,Banana,Gainer,Carbs
434,3,Serious MASS Gainer,5lbs,Peanut Butter,Gainer,Carbs
435,3,Serious MASS Gainer,5lbs,Vanilla,Gainer,Carbs
436,3,Serious MASS Gainer,5lbs,Chocolate,Gainer,Carbs
492,3,PRO Weight Gainer,5lbs,Peanut Butter,Gainer,Carbs
496,3,PRO Weight Gainer,5lbs,Vanilla,Gainer,Carbs
497,3,PRO Weight Gainer,5lbs,Chocolate,Gainer,Carbs
499,3,PRO Weight Gainer,5lbs,Coconut,Gainer,Carbs
500,3,PRO Weight Gainer,5lbs,Cookies,Gainer,Carbs
512,3,Serious MASS Gainer,5lbs,Strawberry,Gainer,Carbs
526,4,Meal Rep,5lbs,Natural,Meal Replacement,Carbs
527,4,Lean Body MRP,5lbs,Natural,Meal Replacement,Carbs
549,3,Serious MASS Gainer,5lbs,Capuccino,Gainer,Carbs
550,4,Victus Meal Replacement,5lbs,Natural,Meal Replacement,Carbs
558,3,Serious MASS Gainer,5lbs,Caramel Ice Cream,Gainer,Carbs
255,3,Serious MASS Gainer,2lbs,Strawberry,Gainer,Carbs
258,3,Serious MASS Gainer,2lbs,Capuccino,Gainer,Carbs
263,3,PRO Weight Gainer,2lbs,Banana,Gainer,Carbs
265,3,PRO Weight Gainer,2lbs,Peanut Butter,Gainer,Carbs
267,3,PRO Weight Gainer,2lbs,Cookies,Gainer,Carbs
271,3,PRO Weight Gainer,2lbs,Coconut,Gainer,Carbs
273,3,PRO Weight Gainer,2lbs,Vanilla,Gainer,Carbs
281,3,PRO Weight Gainer,2lbs,Chocolate,Gainer,Carbs
285,4,TrueFit Grass-Fed Protein,2lbs,Natural,Meal Replacement,Carbs
287,3,PRO Weight Gainer,2lbs,Caramel Ice Cream,Gainer,Carbs
315,17,Hydrolyzed Whey Protein,2lbs,Vanilla,Whey Protein,Protein
316,17,Hydrolyzed Whey Protein,2lbs,Peanut Butter,Whey Protein,Protein
317,17,Hydrolyzed Whey Protein,2lbs,Coconut,Whey Protein,Protein
318,17,Hydrolyzed Whey Protein,2lbs,Cookies,Whey Protein,Protein
319,17,Hydrolyzed Whey Protein,2lbs,Chocolate,Whey Protein,Protein
320,13,Blended Protein,2lbs,Cookies,Blended Protein,Protein
321,14,Pure Casein Protein,2lbs,Capuccino,Casein Protein,Protein
322,13,Blended Protein,2lbs,Vanilla,Blended Protein,Protein
323,17,Concentrate Whey Protein,2lbs,Caramel Ice Cream,Whey Protein,Protein
324,13,Blended Protein,2lbs,Chocolate,Blended Protein,Protein
325,17,Concentrate Whey Protein,2lbs,Cookies,Whey Protein,Protein
326,13,Blended Protein,2lbs,Peanut Butter,Blended Protein,Protein
327,15,100% Egg Protein,2lbs,Coconut,Egg Protein,Protein
328,15,100% Egg Protein,2lbs,Capuccino,Egg Protein,Protein
329,17,Concentrate Whey Protein,2lbs,Vanilla,Whey Protein,Protein
330,13,Blended Protein,2lbs,Coconut,Blended Protein,Protein
331,14,Pure Casein Protein,2lbs,Strawberry,Casein Protein,Protein
332,15,100% Egg Protein,2lbs,Cookies,Egg Protein,Protein
333,17,Concentrate Whey Protein,2lbs,Coconut,Whey Protein,Protein
334,15,100% Egg Protein,2lbs,Strawberry,Egg Protein,Protein
335,17,Concentrate Whey Protein,2lbs,Peanut Butter,Whey Protein,Protein
336,15,100% Egg Protein,2lbs,Vanilla,Egg Protein,Protein
337,14,Pure Casein Protein,2lbs,Caramel Ice Cream,Casein Protein,Protein
338,15,100% Egg Protein,2lbs,Banana,Egg Protein,Protein
339,17,Concentrate Whey Protein,2lbs,Chocolate,Whey Protein,Protein
340,15,100% Egg Protein,2lbs,Caramel Ice Cream,Egg Protein,Protein
341,14,Pure Casein Protein,2lbs,Banana,Casein Protein,Protein
343,17,Concentrate Whey Protein,2lbs,Banana,Whey Protein,Protein
364,17,Isolate Whey Protein,2lbs,Strawberry,Whey Protein,Protein
365,17,Isolate Whey Protein,2lbs,Capuccino,Whey Protein,Protein
366,17,Isolate Whey Protein,2lbs,Banana,Whey Protein,Protein
367,17,Isolate Whey Protein,2lbs,Caramel Ice Cream,Whey Protein,Protein
381,14,Pure Casein Protein,2lbs,Cookies,Casein Protein,Protein
382,17,Isolate Whey Protein,2lbs,Coconut,Whey Protein,Protein
383,14,Pure Casein Protein,2lbs,Chocolate,Casein Protein,Protein
384,17,Isolate Whey Protein,2lbs,Cookies,Whey Protein,Protein
385,14,Pure Casein Protein,2lbs,Peanut Butter,Casein Protein,Protein
386,17,Isolate Whey Protein,2lbs,Chocolate,Whey Protein,Protein
387,14,Pure Casein Protein,2lbs,Coconut,Casein Protein,Protein
388,17,Isolate Whey Protein,2lbs,Peanut Butter,Whey Protein,Protein
389,14,Pure Casein Protein,2lbs,Vanilla,Casein Protein,Protein
390,17,Isolate Whey Protein,2lbs,Vanilla,Whey Protein,Protein
409,3,Serious MASS Gainer,2lbs,Vanilla,Gainer,Carbs
424,3,Serious MASS Gainer,2lbs,Coconut,Gainer,Carbs
426,3,Serious MASS Gainer,2lbs,Cookies,Gainer,Carbs
427,3,Serious MASS Gainer,2lbs,Banana,Gainer,Carbs
428,3,Serious MASS Gainer,2lbs,Caramel Ice Cream,Gainer,Carbs
502,3,PRO Weight Gainer,2lbs,Strawberry,Gainer,Carbs
503,3,PRO Weight Gainer,2lbs,Chocolate,Gainer,Carbs
507,3,PRO Weight Gainer,2lbs,Capuccino,Gainer,Carbs
511,3,Serious MASS Gainer,2lbs,Peanut Butter,Gainer,Carbs
513,3,Serious MASS Gainer,2lbs,Chocolate,Gainer,Carbs
533,4,MRE Lite,2lbs,Natural,Meal Replacement,Carbs
551,4,Lean Body MRP,2lbs,Natural,Meal Replacement,Carbs
556,4,Core MRP,2lbs,Natural,Meal Replacement,Carbs
560,17,Hydrolyzed Whey Protein,2lbs,Strawberry,Whey Protein,Protein
577,17,Hydrolyzed Whey Protein,2lbs,Caramel Ice Cream,Whey Protein,Protein
578,17,Hydrolyzed Whey Protein,2lbs,Banana,Whey Protein,Protein
579,17,Hydrolyzed Whey Protein,2lbs,Capuccino,Whey Protein,Protein
587,17,Concentrate Whey Protein,2lbs,Capuccino,Whey Protein,Protein
588,15,100% Egg Protein,2lbs,Peanut Butter,Egg Protein,Protein
589,17,Concentrate Whey Protein,2lbs,Strawberry,Whey Protein,Protein
590,15,100% Egg Protein,2lbs,Chocolate,Egg Protein,Protein
212,18,Opti-Women Multivitamin,60 Capsules,NA,Vitamins,Vitamins
213,18,Men Multivitamin for Men,240 Tablets,NA,Vitamins,Vitamins
214,18,VITASTACK,30 Multi-Packs,NA,Vitamins,Vitamins
215,18,Women Multivitamin,120 Capsules,NA,Vitamins,Vitamins
216,18,Animal Pak Multivitamin,44 Packs,NA,Vitamins,Vitamins
217,18,Men Multivitamin for Men,90 Tablets,NA,Vitamins,Vitamins
218,9,Gym Sports Socks,M,Black,Socks,Clothing
219,9,Gym Sports Socks,L,Black,Socks,Clothing
220,18,Platinum Multivitamin For Her,90 Tablets,NA,Vitamins,Vitamins
221,18,Orange Triad,270 Tablets,NA,Vitamins,Vitamins
222,18,Adam Men's Multivitamin,180 Softgels,NA,Vitamins,Vitamins
223,10,Men's 3/4 Leggings,M,Black,Vests,Clothing
224,10,Men's 3/4 Leggings,L,Black,Vests,Clothing
225,10,Men's 3/4 Leggings,S,Black,Vests,Clothing
226,7,Long-Sleeve Logo Jersey,S,Black,Jerseys,Clothing
227,7,Long-Sleeve Logo Jersey,S,Red,Jerseys,Clothing
228,7,Long-Sleeve Logo Jersey,S,White,Jerseys,Clothing
229,7,Long-Sleeve Logo Jersey,M,Red,Jerseys,Clothing
230,7,Long-Sleeve Logo Jersey,M,Black,Jerseys,Clothing
231,7,Long-Sleeve Logo Jersey,M,White,Jerseys,Clothing
232,7,Long-Sleeve Logo Jersey,L,Red,Jerseys,Clothing
233,7,Long-Sleeve Logo Jersey,L,Black,Jerseys,Clothing
234,7,Long-Sleeve Logo Jersey,L,White,Jerseys,Clothing
235,7,Long-Sleeve Logo Jersey,XL,Red,Jerseys,Clothing
236,7,Long-Sleeve Logo Jersey,XL,Black,Jerseys,Clothing
237,7,Long-Sleeve Logo Jersey,XL,White,Jerseys,Clothing
238,16,100% Vegan Protein,4lbs,Vanilla,Vegan Protein,Protein
239,16,100% Vegan Protein,4lbs,Peanut Butter,Vegan Protein,Protein
241,16,100% Vegan Protein,4lbs,Cookies,Vegan Protein,Protein
242,16,100% Vegan Protein,4lbs,Chocolate,Vegan Protein,Protein
245,16,100% Vegan Protein,4lbs,Coconut,Vegan Protein,Protein
253,3,PRO Weight Gainer,1lbs,Chocolate,Gainer,Carbs
254,3,PRO Weight Gainer,1lbs,Peanut Butter,Gainer,Carbs
257,3,PRO Weight Gainer,1lbs,Chocolate,Gainer,Carbs
262,3,PRO Weight Gainer,1lbs,Cookies,Gainer,Carbs
264,3,PRO Weight Gainer,1lbs,Caramel Ice Cream,Gainer,Carbs
266,3,PRO Weight Gainer,1lbs,Coconut,Gainer,Carbs
270,3,PRO Weight Gainer,1lbs,Vanilla,Gainer,Carbs
272,3,PRO Weight Gainer,1lbs,Banana,Gainer,Carbs
280,3,Serious MASS Gainer,1lbs,Capuccino,Gainer,Carbs
286,3,PRO Weight Gainer,1lbs,Strawberry,Gainer,Carbs
288,12,STEAK in Powder,4lbs,Cookies,Beef Protein,Protein
289,16,100% Vegan Protein,4lbs,Banana,Vegan Protein,Protein
293,12,STEAK in Powder,4lbs,Coconut,Beef Protein,Protein
294,16,100% Vegan Protein,4lbs,Caramel Ice Cream,Vegan Protein,Protein
296,12,STEAK in Powder,4lbs,Vanilla,Beef Protein,Protein
297,12,STEAK in Powder,4lbs,Chocolate,Beef Protein,Protein
304,12,STEAK in Powder,4lbs,Banana,Beef Protein,Protein
305,16,100% Vegan Protein,4lbs,Capuccino,Vegan Protein,Protein
307,12,STEAK in Powder,4lbs,Peanut Butter,Beef Protein,Protein
308,16,100% Vegan Protein,4lbs,Strawberry,Vegan Protein,Protein
342,17,Hydrolyzed Whey Protein,1lbs,Banana,Whey Protein,Protein
391,4,ONE,10 packs,Natural,Meal Replacement,Carbs
393,4,ONE,12 oz,Natural,Meal Replacement,Carbs
394,2,MICROPURE GLUTAMINE,300 Grams,NA,Glutamine,Amino Acids
395,1,RecoverMode Muscle Recovery,30 Servings,NA,BCAA,Amino Acids
396,4,ONE,24 oz,Natural,Meal Replacement,Carbs
397,1,BCAA 2:1:1,400 Grams,NA,BCAA,Amino Acids
398,1,AminoLean Amino Acids,30 Servings,NA,BCAA,Amino Acids
399,1,BCAA Energy Amino Acids,65 Servings,NA,BCAA,Amino Acids
400,1,BCAA 5000,240 Capsules,NA,BCAA,Amino Acids
401,1,AMINOx BCAA,70 Servings,NA,BCAA,Amino Acids
402,1,Active BCAAs Powder,30 Servings,NA,BCAA,Amino Acids
403,1,HMB 1000 mg,90 Capsules,NA,BCAA,Amino Acids
404,1,LeanBCAA Fat Burner,30 Servings,NA,BCAA,Amino Acids
407,1,Xtend Original BCAA,90 Servings,NA,BCAA,Amino Acids
408,1,Essential AmiN.O. Energy,30 Servings,NA,BCAA,Amino Acids
410,1,Amino Build Next Gen Ripped,30 Servings,NA,BCAA,Amino Acids
411,4,ONE,3lbs,Natural,Meal Replacement,Carbs
412,3,PRO Weight Gainer,1lbs,Capuccino,Gainer,Carbs
414,4,100% Keto Food,14 serv,Natural,Meal Replacement,Carbs
415,3,Serious MASS Gainer,1lbs,Caramel Ice Cream,Gainer,Carbs
419,1,In-Kaged Intra Workout,20 Servings,NA,BCAA,Amino Acids
420,4,Myolean Evolution,30 serv,Natural,Meal Replacement,Carbs
421,3,Serious MASS Gainer,1lbs,Strawberry,Gainer,Carbs
422,1,BCAA Energy Amino Acids,30 Servings,NA,BCAA,Amino Acids
423,4,MRE Lite,1lbs,Natural,Meal Replacement,Carbs
445,8,Men's Sports Shorts,S,Black,Shorts,Clothing
446,18,Women's Multivitamin + Antioxidants,120 Tablets,NA,Vitamins,Vitamins
447,18,Animal Pak Multivitamin,30 Packs,NA,Vitamins,Vitamins
448,18,Daily Formula,100 Tablets,NA,Vitamins,Vitamins
449,18,Multi Sport Men's Formula,120 Vegetable Capsules,NA,Vitamins,Vitamins
450,18,Anavite,180 Tablets,NA,Vitamins,Vitamins
453,8,Men's Sports Shorts,M,Black,Shorts,Clothing
454,8,Men's Sports Shorts,L,Black,Shorts,Clothing
455,8,Men's Sports Shorts,XL,Black,Shorts,Clothing
456,10,Women's Tights,S,Black,Vests,Clothing
457,10,Women's Tights,M,Black,Vests,Clothing
458,10,Women's Tights,L,Black,Vests,Clothing
459,6,Men's Jacket,S,Black,Jackets,Clothing
460,6,Men's Jacket,M,Black,Jackets,Clothing
461,6,Men's Jacket,L,Black,Jackets,Clothing
462,5,Half-Finger Gloves,S,Black,Gloves,Clothing
463,5,Half-Finger Gloves,S,Black,Gloves,Clothing
464,5,Half-Finger Gloves,M,Black,Gloves,Clothing
465,5,Half-Finger Gloves,M,Black,Gloves,Clothing
466,5,Half-Finger Gloves,L,Black,Gloves,Clothing
467,5,Half-Finger Gloves,L,Black,Gloves,Clothing
468,5,Full-Finger Gloves,S,Black,Gloves,Clothing
469,5,Full-Finger Gloves,M,Black,Gloves,Clothing
470,5,Full-Finger Gloves,L,Black,Gloves,Clothing
471,11,Classic Vest,S,Black,Tights,Clothing
472,11,Classic Vest,M,Black,Tights,Clothing
473,11,Classic Vest,L,Black,Tights,Clothing
474,8,Women's Gym Shorts,S,Black,Shorts,Clothing
475,8,Women's Gym Shorts,M,Black,Shorts,Clothing
476,8,Women's Gym Shorts,L,Black,Shorts,Clothing
477,18,VitaMode Multivitamin,120 Tablets (60 Days),NA,Vitamins,Vitamins
478,18,Platinum Multivitamin,90 Tablets,NA,Vitamins,Vitamins
479,18,VitaMode Multivitamin,60 Tablets (30 Days),NA,Vitamins,Vitamins
480,18,Vigor Male Multivitamin,30 Tablets,NA,Vitamins,Vitamins
481,9,Gym Socks,M,Black,Socks,Clothing
482,9,Gym Socks,L,Black,Socks,Clothing
483,18,Active Man,90 Tablets,NA,Vitamins,Vitamins
484,18,Signature Multivitamin,90 Tablets,NA,Vitamins,Vitamins
485,18,Opti-Men Multivitamin for Men,150 Tablets,NA,Vitamins,Vitamins
487,18,Women's MultiVitamin,120 Tablets,NA,Vitamins,Vitamins
488,7,Short-Sleeve Classic Jersey,S,Black,Jerseys,Clothing
489,7,Short-Sleeve Classic Jersey,M,Black,Jerseys,Clothing
490,7,Short-Sleeve Classic Jersey,L,Black,Jerseys,Clothing
491,7,Short-Sleeve Classic Jersey,XL,Black,Jerseys,Clothing
493,3,Serious MASS Gainer,1lbs,Banana,Gainer,Carbs
494,12,STEAK in Powder,4lbs,Strawberry,Beef Protein,Protein
495,12,STEAK in Powder,4lbs,Caramel Ice Cream,Beef Protein,Protein
498,12,STEAK in Powder,4lbs,Capuccino,Beef Protein,Protein
501,1,Signature BCAA,30 Servings,NA,BCAA,Amino Acids
504,3,Serious MASS Gainer,1lbs,Peanut Butter,Gainer,Carbs
505,3,Serious MASS Gainer,1lbs,Chocolate,Gainer,Carbs
506,3,Serious MASS Gainer,1lbs,Vanilla,Gainer,Carbs
509,3,Serious MASS Gainer,1lbs,Cookies,Gainer,Carbs
510,3,Serious MASS Gainer,1lbs,Coconut,Gainer,Carbs
514,1,Amino Build Next Gen,50 Servings,NA,BCAA,Amino Acids
515,1,Alpha Amino,60 Servings,NA,BCAA,Amino Acids
516,1,XTEND Ripped,30 Servings,NA,BCAA,Amino Acids
517,1,FocusMode,30 Veggie Caps,NA,BCAA,Amino Acids
518,1,AMINOx BCAA,30 Servings,NA,BCAA,Amino Acids
520,1,Amino Build Next Gen,30 Servings,NA,BCAA,Amino Acids
521,1,Animal M-Stak,21 Packs,NA,BCAA,Amino Acids
522,1,BCAA 1000 mg,400 Capsules,NA,BCAA,Amino Acids
523,1,XTEND Sport,30 Servings,NA,BCAA,Amino Acids
524,4,Meal Replacement,40 packs,Natural,Meal Replacement,Carbs
525,4,MRE Bar,12 bars,Natural,Meal Replacement,Carbs
528,18,Adam Men's Multivitamin,90 Veg Capsules,NA,Vitamins,Vitamins
531,4,Carb Watchers Lean Body MRP,42 packs,Natural,Meal Replacement,Carbs
532,4,Carb Watchers Lean Body MRP,20 packs,Natural,Meal Replacement,Carbs
534,4,Ration Pack Meal Replacement,20 packs,Natural,Meal Replacement,Carbs
542,1,AMINO SYNERGY,30 Serving,NA,BCAA,Amino Acids
543,1,BCAA Lean Energy,30 Servings,NA,BCAA,Amino Acids
544,2,MICROPURE GLUTAMINE,500 Grams,NA,Glutamine,Amino Acids
545,1,Alpha Amino,30 Servings,NA,BCAA,Amino Acids
546,1,HYDRAMINO Electrolytes,60 Servings,NA,BCAA,Amino Acids
547,1,BCAA 5000,30 Servings,NA,BCAA,Amino Acids
548,1,BCAA 5000,60 Servings,NA,BCAA,Amino Acids
552,1,Essential AmiN.O. Energy,65 Servings,NA,BCAA,Amino Acids
553,2,L-Glutamine Capsules,240 Capsules,NA,Glutamine,Amino Acids
554,1,Recovery Amino,30 Servings,NA,BCAA,Amino Acids
555,1,AminoLean Amino Acids,70 Servings,NA,BCAA,Amino Acids
557,4,RAW Organic Meal,28 serv,Natural,Meal Replacement,Carbs
559,1,Alpha Amino,90 Servings,NA,BCAA,Amino Acids
565,17,Hydrolyzed Whey Protein,1lbs,Chocolate,Whey Protein,Protein
566,17,Hydrolyzed Whey Protein,1lbs,Strawberry,Whey Protein,Protein
567,17,Hydrolyzed Whey Protein,1lbs,Caramel Ice Cream,Whey Protein,Protein
568,17,Hydrolyzed Whey Protein,1lbs,Vanilla,Whey Protein,Protein
569,17,Hydrolyzed Whey Protein,1lbs,Coconut,Whey Protein,Protein
570,17,Hydrolyzed Whey Protein,1lbs,Capuccino,Whey Protein,Protein
571,17,Isolate Whey Protein,1lbs,Caramel Ice Cream,Whey Protein,Protein
572,17,Hydrolyzed Whey Protein,1lbs,Peanut Butter,Whey Protein,Protein
584,17,Isolate Whey Protein,1lbs,Strawberry,Whey Protein,Protein
585,17,Isolate Whey Protein,1lbs,Banana,Whey Protein,Protein
586,17,Hydrolyzed Whey Protein,1lbs,Cookies,Whey Protein,Protein
591,14,Pure Casein Protein,1lbs,Capuccino,Casein Protein,Protein
592,14,Pure Casein Protein,1lbs,Coconut,Casein Protein,Protein
593,14,Pure Casein Protein,1lbs,Strawberry,Casein Protein,Protein
594,14,Pure Casein Protein,1lbs,Peanut Butter,Casein Protein,Protein
595,14,Pure Casein Protein,1lbs,Chocolate,Casein Protein,Protein
596,17,Isolate Whey Protein,1lbs,Cookies,Whey Protein,Protein
597,17,Isolate Whey Protein,1lbs,Capuccino,Whey Protein,Protein
598,17,Isolate Whey Protein,1lbs,Chocolate,Whey Protein,Protein
599,17,Isolate Whey Protein,1lbs,Vanilla,Whey Protein,Protein
600,17,Isolate Whey Protein,1lbs,Peanut Butter,Whey Protein,Protein
601,1,Xtend Original BCAA,30 Servings,NA,BCAA,Amino Acids
603,4,ONE,36 oz,Natural,Meal Replacement,Carbs
604,17,Isolate Whey Protein,1lbs,Coconut,Whey Protein,Protein
605,14,Pure Casein Protein,1lbs,Caramel Ice Cream,Casein Protein,Protein
606,14,Pure Casein Protein,1lbs,Banana,Casein Protein,Protein
